ФИО,Дата рождения,№ истории болезни,Телефон,СНИЛС,Номер блока,Дата операции,Дата последнего контакта,Возраст,Пол,Локализация,"Размер, мм",Гистотип,Митозы на 5 мм2,Некроз,Риск (Miettinen),CD117,DOG1,"Ki-67, %",KIT мутация,PDGFRA мутация,Рецидив,Заключение
Волков Николай Сергеевич,19.12.1956,59814/20,8 980 729-65-40,989-519-293 85,S20-58671,25.08.2020,24.06.2022,63,М,желудок,28,смешанный,2,нет,низкий,отрицательный,положительный,2,нет,да,нет,"Пациент Волков Н.С., и/б № 59814/20. Материал от 25.08.2020, блок S20-58671. ГИСО смешанный типа, митозы 2 на 5 мм2. Заключение подписал врач Соколова Е.В., тел. +7 (912) 557-98-81."
Петров Сергей Иванович,23.08.1979,54010/18,8 969 238-57-33,967-891-267 55,S18-37583,01.09.2018,28.02.2023,39,М,желудок,17,смешанный,7,нет,высокий,положительный,положительный,10,да,нет,да,"Пациент Петров С.И., и/б № 54010/18. Материал от 01.09.2018, блок S18-37583. ГИСО смешанный типа, митозы 7 на 5 мм2. Заключение подписал врач Громов А.А., тел. +7 (912) 103-64-83."
Козлов Николай Сергеевич,22.01.1981,67419/20,8 923 604-49-41,315-146-461 83,S20-45124,12.06.2020,12.07.2021,39,М,тонкая кишка,20,смешанный,4,нет,очень низкий,положительный,положительный,11,да,нет,нет,"Пациент Козлов Н.С., и/б № 67419/20. Материал от 12.06.2020, блок S20-45124. ГИСО смешанный типа, митозы 4 на 5 мм2. Заключение подписал врач Р.Т. Белова, тел. +7 (912) 591-70-95."
Алексеев Сергей Иванович,30.06.1968,98498/16,8 973 134-96-87,610-520-784 58,S16-38252,17.01.2016,16.12.2016,47,М,тонкая кишка,51,веретеноклеточный,6,нет,высокий,положительный,положительный,10,да,нет,да,"Пациент Алексеев С.И., и/б № 98498/16. Материал от 17.01.2016, блок S16-38252. ГИСО веретеноклеточный типа, митозы 6 на 5 мм2. Заключение подписал врач Соколова Е.В., тел. +7 (912) 469-28-31."
Морозова Мария Ивановна,24.07.1975,22308/16,8 982 972-11-87,664-536-812 94,S16-64740,25.02.2016,24.09.2018,40,Ж,желудок,39,эпителиоидный,8,нет,высокий,положительный,положительный,13,да,нет,нет,"Пациентка Морозова М.И., и/б № 22308/16. Материал от 25.02.2016, блок S16-64740. ГИСО эпителиоидный типа, митозы 8 на 5 мм2. Заключение подписал врач Громов А.А., тел. +7 (912) 861-47-85."
Смирнов Николай Сергеевич,30.12.1969,79114/17,8 983 483-94-88,436-470-742 92,S17-89756,26.02.2017,26.07.2022,47,М,желудок,23,эпителиоидный,3,нет,низкий,отрицательный,отрицательный,6,нет,да,нет,"Пациент Смирнов Н.С., и/б № 79114/17. Материал от 26.02.2017, блок S17-89756. ГИСО эпителиоидный типа, митозы 3 на 5 мм2. Заключение подписал врач Р.Т. Белова, тел. +7 (912) 767-61-61."
Соколова Анна Сергеевна,02.09.1973,64339/19,8 962 510-68-43,375-212-964 77,S19-74921,11.02.2019,09.10.2024,45,Ж,тонкая кишка,75,веретеноклеточный,3,нет,умеренный,положительный,положительный,5,да,нет,нет,"Пациентка Соколова А.С., и/б № 64339/19. Материал от 11.02.2019, блок S19-74921. ГИСО веретеноклеточный типа, митозы 3 на 5 мм2. Заключение подписал врач Соколова Е.В., тел. +7 (912) 916-52-25."
Попов Андрей Петрович,23.05.1951,31958/16,8 919 249-20-70,179-118-509 37,S16-57137,16.07.2016,14.05.2022,65,М,желудок,71,смешанный,12,да,высокий,положительный,положительный,19,да,нет,да,"Пациент Попов А.П., и/б № 31958/16. Материал от 16.07.2016, блок S16-57137. ГИСО смешанный типа, митозы 12 на 5 мм2. Заключение подписал врач Громов А.А., тел. +7 (912) 135-37-62."
Лебедев Олег Андреевич,05.07.1954,87651/20,8 921 844-78-76,893-547-277 62,S20-66611,12.11.2020,10.01.2025,66,М,желудок,93,веретеноклеточный,9,да,высокий,положительный,положительный,15,да,нет,да,"Пациент Лебедев О.А., и/б № 87651/20. Материал от 12.11.2020, блок S20-66611. ГИСО веретеноклеточный типа, митозы 9 на 5 мм2. Заключение подписал врач Р.Т. Белова, тел. +7 (912) 491-80-37."
Кузнецов Николай Сергеевич,06.09.1956,90619/20,8 988 510-98-68,635-190-631 43,S20-94534,04.10.2020,02.10.2024,64,М,тонкая кишка,22,смешанный,3,нет,низкий,положительный,положительный,11,да,нет,нет,"Пациент Кузнецов Н.С., и/б № 90619/20. Материал от 04.10.2020, блок S20-94534. ГИСО смешанный типа, митозы 3 на 5 мм2. Заключение подписал врач Соколова Е.В., тел. +7 (912) 441-24-32."
Козлова Анна Сергеевна,20.07.1953,16979/20,8 921 551-21-85,217-675-173 75,S20-17280,23.12.2020,22.08.2023,67,Ж,желудок,25,эпителиоидный,1,нет,низкий,отрицательный,положительный,1,нет,да,нет,"Пациентка Козлова А.С., и/б № 16979/20. Материал от 23.12.2020, блок S20-17280. ГИСО эпителиоидный типа, митозы 1 на 5 мм2. Заключение подписал врач Громов А.А., тел. +7 (912) 279-77-90."
Волкова Елена Олеговна,02.11.1968,77457/20,8 966 906-59-21,898-265-149 81,S20-27357,08.07.2020,07.08.2022,51,Ж,желудок,18,веретеноклеточный,6,нет,высокий,положительный,положительный,11,да,нет,да,"Пациентка Волкова Е.О., и/б № 77457/20. Материал от 08.07.2020, блок S20-27357. ГИСО веретеноклеточный типа, митозы 6 на 5 мм2. Заключение подписал врач Р.Т. Белова, тел. +7 (912) 581-28-76."
Новиков Сергей Иванович,16.06.1966,59322/21,8 943 128-83-32,926-426-448 80,S21-97009,22.12.2021,20.08.2027,55,М,тонкая кишка,33,веретеноклеточный,5,нет,низкий,положительный,положительный,10,да,нет,нет,"Пациент Новиков С.И., и/б № 59322/21. Материал от 22.12.2021, блок S21-97009. ГИСО веретеноклеточный типа, митозы 5 на 5 мм2. Заключение подписал врач Соколова Е.В., тел. +7 (912) 118-74-78."
Алексеев Сергей Иванович,26.08.1935,23175/16,8 923 129-19-37,450-380-502 74,S16-77141,08.10.2016,05.12.2021,81,М,тонкая кишка,78,смешанный,3,нет,умеренный,положительный,положительный,4,да,нет,нет,"Пациент Алексеев С.И., и/б № 23175/16. Материал от 08.10.2016, блок S16-77141. ГИСО смешанный типа, митозы 3 на 5 мм2. Заключение подписал врач Громов А.А., тел. +7 (912) 160-33-52."
Иванова Ольга Николаевна,24.09.1942,35465/21,8 965 532-57-98,455-949-810 26,S21-78038,19.12.2021,17.04.2027,79,Ж,желудок,26,веретеноклеточный,10,да,высокий,положительный,положительный,17,нет,нет,да,"Пациентка Иванова О.Н., и/б № 35465/21. Материал от 19.12.2021, блок S21-78038. ГИСО веретеноклеточный типа, митозы 10 на 5 мм2. Заключение подписал врач Р.Т. Белова, тел. +7 (912) 840-55-72."
Кузнецова Елена Олеговна,12.12.1974,92235/18,8 918 784-80-83,987-784-849 72,S18-24418,13.01.2018,13.05.2021,43,Ж,тонкая кишка,52,смешанный,3,нет,умеренный,отрицательный,отрицательный,12,нет,да,нет,"Пациентка Кузнецова Е.О., и/б № 92235/18. Материал от 13.01.2018, блок S18-24418. ГИСО смешанный типа, митозы 3 на 5 мм2. Заключение подписал врач Соколова Е.В., тел. +7 (912) 518-86-88."
Новиков Николай Сергеевич,19.02.1940,82160/20,8 967 836-94-29,489-303-473 10,S20-58864,30.05.2020,28.08.2022,80,М,тонкая кишка,17,веретеноклеточный,4,нет,очень низкий,положительный,положительный,8,да,нет,нет,"Пациент Новиков Н.С., и/б № 82160/20. Материал от 30.05.2020, блок S20-58864. ГИСО веретеноклеточный типа, митозы 4 на 5 мм2. Заключение подписал врач Громов А.А., тел. +7 (912) 514-72-81."
Новиков Николай Сергеевич,05.03.1966,20693/18,8 977 166-80-62,391-299-110 27,S18-45828,21.09.2018,19.03.2024,52,М,тонкая кишка,33,смешанный,6,нет,высокий,положительный,положительный,11,да,нет,да,"Пациент Новиков Н.С., и/б № 20693/18. Материал от 21.09.2018, блок S18-45828. ГИСО смешанный типа, митозы 6 на 5 мм2. Заключение подписал врач Р.Т. Белова, тел. +7 (912) 667-16-59."
Смирнов Николай Сергеевич,15.01.1948,84412/18,8 985 179-79-95,502-778-740 89,S18-16601,21.09.2018,20.05.2023,70,М,тонкая кишка,24,смешанный,7,нет,высокий,положительный,положительный,12,да,нет,да,"Пациент Смирнов Н.С., и/б № 84412/18. Материал от 21.09.2018, блок S18-16601. ГИСО смешанный типа, митозы 7 на 5 мм2. Заключение подписал врач Соколова Е.В., тел. +7 (912) 819-43-43."
Волкова Анна Сергеевна,30.03.1942,86987/17,8 938 895-37-53,940-716-217 16,S17-89017,18.09.2017,18.10.2019,75,Ж,тонкая кишка,25,веретеноклеточный,5,нет,низкий,положительный,положительный,14,да,нет,нет,"Пациентка Волкова А.С., и/б № 86987/17. Материал от 18.09.2017, блок S17-89017. ГИСО веретеноклеточный типа, митозы 5 на 5 мм2. Заключение подписал врач Громов А.А., тел. +7 (912) 439-39-33."
Кузнецов Сергей Иванович,27.11.1957,15103/18,8 982 541-49-31,156-229-713 61,S18-51515,19.12.2018,18.08.2020,61,М,желудок,30,смешанный,3,нет,низкий,положительный,положительный,4,нет,да,нет,"Пациент Кузнецов С.И., и/б № 15103/18. Материал от 19.12.2018, блок S18-51515. ГИСО смешанный типа, митозы 3 на 5 мм2. Заключение подписал врач Р.Т. Белова, тел. +7 (912) 262-75-62."
Попов Сергей Иванович,05.02.1963,14084/17,8 943 538-78-92,353-690-633 65,S17-14556,14.08.2017,12.02.2019,54,М,желудок,93,веретеноклеточный,3,да,умеренный,положительный,положительный,6,да,нет,нет,"Пациент Попов С.И., и/б № 14084/17. Материал от 14.08.2017, блок S17-14556. ГИСО веретеноклеточный типа, митозы 3 на 5 мм2. Заключение подписал врач Соколова Е.В., тел. +7 (912) 388-80-78."
Морозов Андрей Петрович,19.11.1977,11356/18,8 924 121-33-77,812-557-265 50,S18-84950,23.01.2018,22.01.2020,40,М,желудок,39,веретеноклеточный,9,да,высокий,положительный,положительный,13,да,нет,да,"Пациент Морозов А.П., и/б № 11356/18. Материал от 23.01.2018, блок S18-84950. ГИСО веретеноклеточный типа, митозы 9 на 5 мм2. Заключение подписал врач Громов А.А., тел. +7 (912) 219-50-24."
Морозова Ольга Николаевна,24.02.1962,81210/18,8 927 956-89-64,789-401-443 55,S18-66931,27.10.2018,25.06.2023,56,Ж,прямая кишка,40,смешанный,12,нет,высокий,положительный,положительный,12,да,нет,нет,"Пациентка Морозова О.Н., и/б № 81210/18. Материал от 27.10.2018, блок S18-66931. ГИСО смешанный типа, митозы 12 на 5 мм2. Заключение подписал врач Р.Т. Белова, тел. +7 (912) 709-44-60."
